timestamp,dpid,mac,mean_rate,var_rate,max_rate,min_rate,mean_interval,std_interval,burst_count,src_diversity,small_pkt_ratio,class
1757241594.2516892,4,00:00:00:00:00:01,114188.2,0.0,114188.2,114188.2,2.0308427015940347,2.7892679174991475,0,2.3333333333333335,0.5,normale
1757241594.2530627,4,00:00:00:00:00:03,4.2,0.0,4.2,4.2,8.38972544670105,0.22227168083190918,0,2.3333333333333335,1.0,normale
1757241594.2534385,1,00:00:00:00:00:01,114923.2,0.0,114923.2,114923.2,0.7605251669883728,1.9677301060311265,0,2.4,0.2222222222222222,normale
1757241594.2537277,1,00:00:00:00:00:03,11.2,0.0,11.2,11.2,16.77788543701172,0.0,0,2.4,1.0,normale
1757241594.2539964,3,00:00:00:00:00:01,114476.6,0.0,114476.6,114476.6,2.029197374979655,2.7870532092461833,0,2.3333333333333335,0.5,normale
1757241594.2542615,3,00:00:00:00:00:02,7.0,0.0,7.0,7.0,1.227274497350057,1.6250405045985568,0,2.3333333333333335,0.5,normale
1757241594.2549267,3,00:00:00:00:00:03,4.2,0.0,4.2,4.2,8.389449834823608,0.22179269790649414,0,2.3333333333333335,1.0,normale
1757241594.255541,2,00:00:00:00:00:02,7.0,0.0,7.0,7.0,1.2282199064890544,1.626778731449739,0,2.6,0.5,normale
1757241594.256275,2,00:00:00:00:00:01,18.2,0.0,18.2,18.2,6.0914387702941895,0.0,0,2.6,1.0,normale
1757241604.258916,4,00:00:00:00:00:01,301155.76666666666,17501843587.828884,400565.1,114188.2,2.0308427015940347,2.7892679174991475,0,2.5,0.5,normale
1757241604.2606442,4,00:00:00:00:00:03,63.199999999999996,6168.666666666667,174.2,4.2,8.38972544670105,0.22227168083190918,1,2.5,1.0,normale
1757241604.2614355,1,00:00:00:00:00:01,122718.33333333333,75806565.3422222,134870.4,114923.2,0.7605251669883728,1.9677301060311265,0,2.6,0.2222222222222222,normale
1757241604.2620761,1,00:00:00:00:00:03,83.23333333333333,5152.935555555555,181.2,11.2,16.77788543701172,0.0,1,2.6,1.0,normale
1757241604.2628086,3,00:00:00:00:00:01,122724.23333333334,78666359.84222208,135032.3,114476.6,2.029197374979655,2.7870532092461833,0,2.5,0.5,normale
1757241604.2634945,3,00:00:00:00:00:02,178677.6333333333,15963269572.748886,269596.6,7.0,1.227274497350057,1.6250405045985568,1,2.5,0.5,normale
1757241604.264269,3,00:00:00:00:00:03,69.1,5624.686666666666,174.2,4.2,8.389449834823608,0.22179269790649414,1,2.5,1.0,normale
1757241604.2664957,2,00:00:00:00:00:02,133515.2,17824439467.24,267023.4,7.0,1.2282199064890544,1.626778731449739,1,2.6,0.5,normale
1757241604.268489,2,00:00:00:00:00:01,37.75,382.2025,57.3,18.2,6.0914387702941895,0.0,1,2.6,1.0,normale
1757241614.271752,4,00:00:00:00:00:01,344295.275,18709434228.596874,473713.8,114188.2,2.0308427015940347,2.7892679174991475,0,2.5,0.5,normale
1757241614.2722545,4,00:00:00:00:00:03,48.449999999999996,5279.1875,174.2,4.2,8.38972544670105,0.22227168083190918,1,2.5,1.0,normale
1757241614.2726645,1,00:00:00:00:00:01,143334.4,1331921538.4200003,205182.6,114923.2,0.7605251669883728,1.9677301060311265,0,2.6,0.2222222222222222,normale
1757241614.2729821,1,00:00:00:00:00:03,63.474999999999994,5035.876874999999,181.2,4.2,16.77788543701172,0.0,1,2.6,1.0,normale
1757241614.2732844,3,00:00:00:00:00:01,143149.825,1310614154.6818752,204426.6,114476.6,2.029197374979655,2.7870532092461833,0,2.5,0.5,normale
1757241614.2751844,3,00:00:00:00:00:02,201443.425,13527295990.191872,269740.8,7.0,1.227274497350057,1.6250405045985568,0,2.5,0.5,normale
1757241614.2757177,3,00:00:00:00:00:03,52.87499999999999,5008.266874999998,174.2,4.2,8.389449834823608,0.22179269790649414,1,2.5,1.0,normale
1757241614.2760587,2,00:00:00:00:00:02,201628.0,13551584688.18,269892.0,7.0,1.2282199064890544,1.626778731449739,0,2.6,0.5,normale
1757241614.2764003,2,00:00:00:00:00:01,18.875,547.3668749999999,57.3,0.0,6.0914387702941895,0.0,1,2.6,1.0,normale
1757241624.2780092,4,00:00:00:00:00:01,330648.82,15712450319.1456,473713.8,114188.2,2.0308427015940347,2.7892679174991475,0,2.5,0.5,normale
1757241624.2803755,4,00:00:00:00:00:03,83.8,9221.839999999997,225.2,4.2,8.38972544670105,0.22227168083190918,2,2.5,1.0,normale
1757241624.2812808,1,00:00:00:00:00:01,168585.44,3615997315.0623994,269589.6,114923.2,0.7605251669883728,1.9677301060311265,1,2.6,0.2222222222222222,normale
1757241624.2820408,1,00:00:00:00:00:03,50.779999999999994,4673.3536,181.2,0.0,16.77788543701172,0.0,1,2.6,1.0,normale
1757241624.2826247,3,00:00:00:00:00:01,168468.02000000002,3612535315.977599,269740.8,114476.6,2.029197374979655,2.7870532092461833,1,2.5,0.5,normale
1757241624.283262,3,00:00:00:00:00:02,162328.46,16941758739.958399,269740.8,7.0,1.227274497350057,1.6250405045985568,3,2.5,0.5,normale
1757241624.2838545,3,00:00:00:00:00:03,87.33999999999999,8757.9584,225.2,4.2,8.389449834823608,0.22179269790649414,2,2.5,1.0,normale
1757241624.2845821,2,00:00:00:00:00:02,162324.91999999998,17020196140.4896,269892.0,7.0,1.2282199064890544,1.626778731449739,3,2.6,0.5,normale
1757241624.2851985,2,00:00:00:00:00:01,60.14,7249.0944,225.2,0.0,6.0914387702941895,0.0,1,2.6,1.0,normale
1757241634.2861392,4,00:00:00:00:00:01,362103.85000000003,18040803160.7925,519379.0,114188.2,2.0308427015940347,2.7892679174991475,0,2.5,0.5,normale
1757241634.2866476,4,00:00:00:00:00:03,69.83333333333333,8660.205555555554,225.2,0.0,8.38972544670105,0.22227168083190918,2,2.5,1.0,normale
1757241634.2869582,1,00:00:00:00:00:01,185419.46666666665,4430253364.955555,269589.6,114923.2,0.7605251669883728,1.9677301060311265,0,2.6,0.2222222222222222,normale
1757241634.2881021,1,00:00:00:00:00:03,42.31666666666666,4252.601388888888,181.2,0.0,16.77788543701172,0.0,1,2.6,1.0,normale
1757241634.2886643,3,00:00:00:00:00:01,185321.6166666667,4430664699.661387,269740.8,114476.6,2.029197374979655,2.7870532092461833,0,2.5,0.5,normale
1757241634.2889829,3,00:00:00:00:00:02,177004.91666666666,15195124184.741386,269740.8,7.0,1.227274497350057,1.6250405045985568,3,2.5,0.5,normale
1757241634.2893882,3,00:00:00:00:00:03,72.78333333333332,8357.781388888889,225.2,0.0,8.389449834823608,0.22179269790649414,2,2.5,1.0,normale
1757241634.289697,2,00:00:00:00:00:02,177127.96666666667,15279147736.818888,269892.0,7.0,1.2282199064890544,1.626778731449739,3,2.6,0.5,normale
1757241634.2899897,2,00:00:00:00:00:01,50.11666666666667,6543.248055555555,225.2,0.0,6.0914387702941895,0.0,1,2.6,1.0,normale
1757241644.2915888,4,00:00:00:00:00:01,387424.5285714286,19310366146.299183,539348.6,114188.2,16.495926797389984,25.170438719498698,0,2.5,0.6,normale
1757241644.2930589,4,00:00:00:00:00:03,60.457142857142856,7950.511020408163,225.2,0.0,8.38972544670105,0.22227168083190918,2,2.5,1.0,normale
1757241644.2935274,1,00:00:00:00:00:01,197466.3714285714,4668127513.159182,269747.8,114923.2,7.331640667385525,18.678281911144673,0,2.6,0.3,normale
1757241644.29387,1,00:00:00:00:00:03,37.271428571428565,3797.813469387754,181.2,0.0,16.77788543701172,0.0,2,2.6,1.0,normale
1757241644.2942712,3,00:00:00:00:00:01,197382.50000000003,4670502040.391427,269747.8,114476.6,16.496088564395905,25.17337027997256,0,2.5,0.6,normale
1757241644.2954342,3,00:00:00:00:00:02,190254.5,14077700909.391428,269752.0,7.0,15.230152368545532,24.294491834735652,0,2.5,0.6,normale
1757241644.2963505,3,00:00:00:00:00:03,62.98571428571427,7739.772653061223,225.2,0.0,8.389449834823608,0.22179269790649414,2,2.5,1.0,normale
1757241644.297175,2,00:00:00:00:00:02,190359.97142857144,14146928045.959183,269892.0,7.0,15.23099136352539,24.294395078182077,0,2.6,0.6,normale
1757241644.298007,2,00:00:00:00:00:01,44.55714285714286,5793.948163265305,225.2,0.0,32.99183428287506,26.90039551258087,1,2.6,1.0,normale
1757241654.29866,4,00:00:00:00:00:01,381220.95,17165961087.654997,539348.6,114188.2,16.495926797389984,25.170438719498698,0,2.5,0.6,normale
1757241654.298981,4,00:00:00:00:00:03,75.19999999999999,8478.16,225.2,0.0,8.38972544670105,0.22227168083190918,3,2.5,1.0,normale
1757241654.2992046,1,00:00:00:00:00:01,181114.97499999998,5956188730.164374,269747.8,66655.2,7.331640667385525,18.678281911144673,0,2.6,0.3,normale
1757241654.2995782,1,00:00:00:00:00:03,59.8,6875.842499999999,217.5,0.0,16.77788543701172,0.0,2,2.6,1.0,normale
1757241654.3006237,3,00:00:00:00:00:01,181119.4,5938108236.612499,269747.8,67277.7,16.496088564395905,25.17337027997256,0,2.5,0.6,normale
1757241654.3008738,3,00:00:00:00:00:02,200172.725,13006586605.771873,269752.0,7.0,15.230152368545532,24.294491834735652,0,2.5,0.6,normale
1757241654.3011131,3,00:00:00:00:00:03,79.625,8710.361874999999,225.2,0.0,8.389449834823608,0.22179269790649414,3,2.5,1.0,normale
1757241654.3018086,2,00:00:00:00:00:02,200263.675,13065145451.229374,269892.0,7.0,15.23099136352539,24.294395078182077,0,2.6,0.6,normale
1757241654.302574,2,00:00:00:00:00:01,44.75,5069.965,225.2,0.0,32.99183428287506,26.90039551258087,1,2.6,1.0,normale
1757241664.304677,4,00:00:00:00:00:01,370734.35555555555,16138381382.253578,539348.6,114188.2,16.717517042160033,22.51748647633524,0,2.5,0.6666666666666666,normale
1757241664.3062408,4,00:00:00:00:00:03,98.1111111111111,11735.494320987653,281.4,0.0,8.38972544670105,0.22227168083190918,4,2.5,1.0,normale
1757241664.308248,1,00:00:00:00:00:01,190496.7111111111,5998525762.036542,269747.8,66655.2,7.6136743588881055,17.309794810249826,0,2.5,0.4166666666666667,normale
1757241664.308639,1,00:00:00:00:00:03,58.75555555555555,6120.586913580246,217.5,0.0,16.77788543701172,0.0,2,2.5,1.0,normale
1757241664.308889,3,00:00:00:00:00:01,190433.44444444444,5972329823.849134,269747.8,67277.7,13.958701451619467,21.46357425250644,0,2.8333333333333335,0.7142857142857143,normale
1757241664.309118,3,00:00:00:00:00:02,180385.8,14693589523.886665,269752.0,7.0,15.72096152305603,21.751814667080883,0,2.8333333333333335,0.6666666666666666,normale
1757241664.3092446,3,00:00:00:00:00:03,102.04444444444444,11763.595802469134,281.4,0.0,8.389449834823608,0.22179269790649414,4,2.8333333333333335,1.0,normale
1757241664.309693,2,00:00:00:00:00:02,180382.64444444442,14775505630.922468,269892.0,7.0,15.721398830413818,21.75169197341112,0,2.5,0.6666666666666666,normale
1757241664.3098989,2,00:00:00:00:00:01,72.28888888888889,10573.7587654321,292.6,0.0,20.93864732980728,23.347387513566613,2,2.5,1.0,normale
1757241674.31129,4,00:00:00:00:00:01,386521.56,16767665661.564398,539348.6,114188.2,16.717517042160033,22.51748647633524,0,2.5,0.6666666666666666,normale
1757241674.3118117,4,00:00:00:00:00:03,89.41999999999999,11241.763599999998,281.4,0.0,30.169569571812946,30.80188560291522,4,2.5,1.0,normale
1757241674.312158,1,00:00:00:00:00:01,198406.41999999998,5961744638.195598,269747.8,66655.2,7.6136743588881055,17.309794810249826,0,2.5,0.4166666666666667,normale
1757241674.3128254,1,00:00:00:00:00:03,54.7,5656.556,217.5,0.0,45.25482904911041,28.476943612098694,2,2.5,1.0,normale
1757241674.313151,3,00:00:00:00:00:01,198349.48,5939069411.715599,269747.8,67277.7,13.958701451619467,21.46357425250644,0,2.8333333333333335,0.7142857142857143,normale
1757241674.3136103,3,00:00:00:00:00:02,188324.91999999998,13791497208.8676,269752.0,7.0,15.72096152305603,21.751814667080883,0,2.8333333333333335,0.6666666666666666,normale
1757241674.3139381,3,00:00:00:00:00:03,92.96000000000001,11329.980399999997,281.4,0.0,30.169740438461304,30.802514706189925,4,2.8333333333333335,1.0,normale
1757241674.3143475,2,00:00:00:00:00:02,188381.86,13873842113.368399,269892.0,7.0,15.721398830413818,21.75169197341112,0,2.5,0.6666666666666666,normale
1757241674.3147018,2,00:00:00:00:00:01,66.6,9807.654,292.6,0.0,20.93864732980728,23.347387513566613,2,2.5,1.0,normale
1757241684.3156621,4,00:00:00:00:00:01,400427.0181818182,17176950092.066942,539481.6,114188.2,16.717517042160033,22.51748647633524,0,2.5,0.6666666666666666,normale
1757241684.3161433,4,00:00:00:00:00:03,81.29090909090908,10880.606280991733,281.4,0.0,30.169569571812946,30.80188560291522,4,2.5,1.0,normale
1757241684.3165665,1,00:00:00:00:00:01,204891.36363636365,5840312792.573221,269747.8,66655.2,7.6136743588881055,17.309794810249826,0,2.5,0.4166666666666667,normale
1757241684.3169324,1,00:00:00:00:00:03,49.72727272727273,5389.603801652892,217.5,0.0,45.25482904911041,28.476943612098694,2,2.5,1.0,normale
1757241684.3172421,3,00:00:00:00:00:01,204825.85454545452,5818588283.18066,269747.8,67277.7,13.958701451619467,21.46357425250644,0,2.8333333333333335,0.7142857142857143,normale
1757241684.3182707,3,00:00:00:00:00:02,195712.61818181816,13083505579.590578,269752.0,7.0,15.72096152305603,21.751814667080883,0,2.8333333333333335,0.6666666666666666,normale
1757241684.3190098,3,00:00:00:00:00:03,84.50909090909092,11014.160826446281,281.4,0.0,30.169740438461304,30.802514706189925,4,2.8333333333333335,1.0,normale
1757241684.3193705,2,00:00:00:00:00:02,195778.12727272726,13159631435.12198,269892.0,7.0,15.721398830413818,21.75169197341112,0,2.5,0.6666666666666666,normale
1757241684.3198674,2,00:00:00:00:00:01,60.54545454545455,9282.62429752066,292.6,0.0,20.93864732980728,23.347387513566613,2,2.5,1.0,normale
1757241694.3217092,4,00:00:00:00:00:01,411990.05000000005,17216278337.505833,539481.6,114188.2,16.717517042160033,22.51748647633524,0,2.5,0.6666666666666666,normale
1757241694.321959,4,00:00:00:00:00:03,74.86666666666666,10427.868888888886,281.4,0.0,30.169569571812946,30.80188560291522,4,2.5,1.0,normale
1757241694.3221047,1,00:00:00:00:00:01,210282.88333333333,5673373390.929723,269747.8,66655.2,7.6136743588881055,17.309794810249826,0,2.5,0.4166666666666667,normale
1757241694.322237,1,00:00:00:00:00:03,45.583333333333336,5129.364722222222,217.5,0.0,45.25482904911041,28.476943612098694,2,2.5,1.0,normale
1757241694.322403,3,00:00:00:00:00:01,210235.43333333332,5655604895.533888,269747.8,67277.7,13.958701451619467,21.46357425250644,0,2.8333333333333335,0.7142857142857143,normale
1757241694.322565,3,00:00:00:00:00:02,201881.9833333333,12411885178.058052,269752.0,7.0,15.72096152305603,21.751814667080883,0,2.8333333333333335,0.6666666666666666,normale
1757241694.3227649,3,00:00:00:00:00:03,77.81666666666668,10588.988055555556,281.4,0.0,30.169740438461304,30.802514706189925,4,2.8333333333333335,1.0,normale
1757241694.3229163,2,00:00:00:00:00:02,201929.43333333332,12479219710.958887,269892.0,7.0,15.721398830413818,21.75169197341112,0,2.5,0.6666666666666666,normale
1757241694.3230493,2,00:00:00:00:00:01,55.85,8751.5925,292.6,0.0,20.93864732980728,23.347387513566613,2,2.5,1.0,normale
1757241704.3238645,4,00:00:00:00:00:01,402069.4615384616,17072966139.69929,539481.6,114188.2,16.717517042160033,22.51748647633524,0,2.5,0.6666666666666666,normale
1757241704.3241394,4,00:00:00:00:00:03,86.75384615384615,11321.38556213018,281.4,0.0,30.169569571812946,30.80188560291522,5,2.5,1.0,normale
1757241704.324548,1,00:00:00:00:00:01,214856.89230769232,5488018750.336094,269747.8,66655.2,7.6136743588881055,17.309794810249826,0,2.5,0.4166666666666667,normale
1757241704.3249378,1,00:00:00:00:00:03,42.400000000000006,4856.401538461539,217.5,0.0,45.25482904911041,28.476943612098694,2,2.5,1.0,normale
1757241704.3252404,3,00:00:00:00:00:01,214813.09230769228,5472017905.334555,269747.8,67277.7,13.958701451619467,21.46357425250644,0,2.8333333333333335,0.7142857142857143,normale
1757241704.3255296,3,00:00:00:00:00:02,187315.7846153846,14003214520.835148,269752.0,7.0,15.72096152305603,21.751814667080883,0,2.8333333333333335,0.6666666666666666,normale
1757241704.3256745,3,00:00:00:00:00:03,89.47692307692309,11405.989467455618,281.4,0.0,30.169740438461304,30.802514706189925,5,2.8333333333333335,1.0,normale
1757241704.3258064,2,00:00:00:00:00:02,187313.06153846154,14082939626.543905,269892.0,7.0,15.721398830413818,21.75169197341112,0,2.5,0.6666666666666666,normale
1757241704.325971,2,00:00:00:00:00:01,68.87692307692308,10114.801775147927,292.6,0.0,20.93864732980728,23.347387513566613,3,2.5,1.0,normale
1757241714.3276238,4,00:00:00:00:00:01,392617.41428571433,17014904122.778366,539481.6,114188.2,16.717517042160033,22.51748647633524,0,2.5,0.6666666666666666,normale
1757241714.3278723,4,00:00:00:00:00:03,80.55714285714285,11011.903877551022,281.4,0.0,30.169569571812946,30.80188560291522,5,2.5,1.0,normale
1757241714.3280394,1,00:00:00:00:00:01,218777.17142857143,5295809060.039184,269747.8,66655.2,7.6136743588881055,17.309794810249826,0,2.5,0.4166666666666667,normale
1757241714.3281968,1,00:00:00:00:00:03,39.371428571428574,4628.754897959184,217.5,0.0,45.25482904911041,28.476943612098694,2,2.5,1.0,normale
1757241714.3284295,3,00:00:00:00:00:01,218736.49999999997,5281270146.485713,269747.8,67277.7,13.958701451619467,21.46357425250644,0,2.8333333333333335,0.7142857142857143,normale
1757241714.3286204,3,00:00:00:00:00:02,173936.0857142857,15330197367.09694,269752.0,0.0,15.72096152305603,21.751814667080883,7,2.8333333333333335,0.6666666666666666,normale
1757241714.3287828,3,00:00:00:00:00:03,83.08571428571429,11122.29408163265,281.4,0.0,30.169740438461304,30.802514706189925,5,2.8333333333333335,1.0,normale
1757241714.3289375,2,00:00:00:00:00:02,173933.55714285714,15404160159.84102,269892.0,0.0,15.721398830413818,21.75169197341112,7,2.5,0.6666666666666666,normale
1757241714.3291128,2,00:00:00:00:00:01,63.95714285714286,9706.971020408164,292.6,0.0,20.93864732980728,23.347387513566613,3,2.5,1.0,normale
1757241724.330992,4,00:00:00:00:00:01,366924.88000000006,25122065633.576267,539481.6,7229.4,16.717517042160033,22.51748647633524,0,2.5,0.6666666666666666,normale
1757241724.3312895,4,00:00:00:00:00:03,85.66666666666667,10643.278222222221,281.4,0.0,30.169569571812946,30.80188560291522,6,2.5,1.0,normale
1757241724.3314943,1,00:00:00:00:00:01,204583.26666666666,7763292176.163555,269747.8,5868.6,7.6136743588881055,17.309794810249826,0,2.5,0.4166666666666667,normale
1757241724.3316674,1,00:00:00:00:00:03,47.226666666666674,5184.037955555555,217.5,0.0,45.25482904911041,28.476943612098694,3,2.5,1.0,normale
1757241724.3318408,3,00:00:00:00:00:01,204585.62666666662,7732646495.397954,269747.8,6473.4,13.958701451619467,21.46357425250644,0,2.8333333333333335,0.7142857142857143,normale
1757241724.3320308,3,00:00:00:00:00:02,162340.34666666665,16190640506.137154,269752.0,0.0,15.72096152305603,21.751814667080883,9,2.8333333333333335,0.6666666666666666,normale
1757241724.3322074,3,00:00:00:00:00:03,88.02666666666667,10722.589955555557,281.4,0.0,30.169740438461304,30.802514706189925,6,2.8333333333333335,1.0,normale
1757241724.3323987,2,00:00:00:00:00:02,162337.98666666666,16259617714.541157,269892.0,0.0,15.721398830413818,21.75169197341112,9,2.5,0.6666666666666666,normale
1757241724.3326623,2,00:00:00:00:00:01,59.69333333333334,9314.360622222224,292.6,0.0,20.93864732980728,23.347387513566613,3,2.5,1.0,normale
1757241734.3338845,4,00:00:00:00:00:01,356050.5375,25325706403.58734,539481.6,7229.4,16.717517042160033,22.51748647633524,3,2.5,0.6666666666666666,normale
1757241734.3343542,4,00:00:00:00:00:03,80.57499999999999,10366.949375,281.4,0.0,30.169569571812946,30.80188560291522,6,2.5,1.0,normale
1757241734.334658,1,00:00:00:00:00:01,191796.8125,9730487567.497341,269747.8,0.0,7.6136743588881055,17.309794810249826,0,2.5,0.4166666666666667,normale
1757241734.3349872,1,00:00:00:00:00:03,44.275,4990.720624999999,217.5,0.0,45.25482904911041,28.476943612098694,3,2.5,1.0,normale
1757241734.3359087,3,00:00:00:00:00:01,191799.02500000002,9701813822.165623,269747.8,0.0,13.958701451619467,21.46357425250644,0,2.8333333333333335,0.7142857142857143,normale
1757241734.3364584,3,00:00:00:00:00:02,164290.33750000002,15235762438.254843,269752.0,0.0,15.72096152305603,21.751814667080883,9,2.8333333333333335,0.6666666666666666,normale
1757241734.3369358,3,00:00:00:00:00:03,82.7875,10464.161093749999,281.4,0.0,30.169740438461304,30.802514706189925,6,2.8333333333333335,1.0,normale
1757241734.3374157,2,00:00:00:00:00:02,164335.375,15303235009.694374,269892.0,0.0,15.721398830413818,21.75169197341112,9,2.5,0.6666666666666666,normale
1757241734.337866,2,00:00:00:00:00:01,56.224999999999994,8912.653125,292.6,0.0,20.93864732980728,23.347387513566613,3,2.5,1.0,normale
1757241744.3393269,4,00:00:00:00:00:01,359867.61176470586,24069079863.158684,539481.6,7229.4,16.717517042160033,22.51748647633524,0,2.5,0.6666666666666666,normale
1757241744.339582,4,00:00:00:00:00:03,75.83529411764705,10116.565813148787,281.4,0.0,30.169569571812946,30.80188560291522,6,2.5,1.0,normale
1757241744.3397524,1,00:00:00:00:00:01,189497.70588235295,9242680205.708786,269747.8,0.0,7.6136743588881055,17.309794810249826,0,2.5,0.4166666666666667,normale
1757241744.3401384,1,00:00:00:00:00:03,41.67058823529412,4805.676193771626,217.5,0.0,45.25482904911041,28.476943612098694,3,2.5,1.0,normale
1757241744.3402963,3,00:00:00:00:00:01,189455.31764705884,9219006317.949688,269747.8,0.0,13.958701451619467,21.46357425250644,0,2.8333333333333335,0.7142857142857143,normale
1757241744.340473,3,00:00:00:00:00:02,170493.30588235296,14955170186.397022,269752.0,0.0,15.72096152305603,21.751814667080883,9,2.8333333333333335,0.6666666666666666,normale
1757241744.3406105,3,00:00:00:00:00:03,77.91764705882352,10228.069688581314,281.4,0.0,30.169740438461304,30.802514706189925,6,2.8333333333333335,1.0,normale
1757241744.3407323,2,00:00:00:00:00:02,170526.80000000002,15016384611.49647,269892.0,0.0,15.721398830413818,21.75169197341112,9,2.5,0.6666666666666666,normale
1757241744.3413785,2,00:00:00:00:00:01,52.917647058823526,8563.396747404846,292.6,0.0,20.93864732980728,23.347387513566613,3,2.5,1.0,normale
1757241754.3430645,4,00:00:00:00:00:01,369838.3888888888,24421987499.47209,539481.6,7229.4,16.717517042160033,22.51748647633524,0,2.5,0.6666666666666666,normale
1757241754.3434289,4,00:00:00:00:00:03,71.85555555555555,9823.785802469136,281.4,0.0,30.169569571812946,30.80188560291522,6,2.5,1.0,normale
1757241754.3436935,1,00:00:00:00:00:01,193947.48888888888,9065807641.747654,269747.8,0.0,7.6136743588881055,17.309794810249826,0,2.5,0.4166666666666667,normale
1757241754.344275,1,00:00:00:00:00:03,39.58888888888889,4612.363209876542,217.5,0.0,45.25482904911041,28.476943612098694,3,2.5,1.0,normale
1757241754.3449087,3,00:00:00:00:00:01,193915.85555555558,9045078073.649136,269747.8,0.0,13.958701451619467,21.46357425250644,0,2.8333333333333335,0.7142857142857143,normale
1757241754.345516,3,00:00:00:00:00:02,175998.65555555557,14639578273.675804,269752.0,0.0,15.72096152305603,21.751814667080883,9,2.8333333333333335,0.6666666666666666,normale
1757241754.346097,3,00:00:00:00:00:03,73.82222222222222,9944.976172839504,281.4,0.0,30.169740438461304,30.802514706189925,6,2.8333333333333335,1.0,normale
1757241754.3466823,2,00:00:00:00:00:02,176038.6888888889,14698616647.067652,269892.0,0.0,15.721398830413818,21.75169197341112,9,2.5,0.6666666666666666,normale
1757241754.3469641,2,00:00:00:00:00:01,49.977777777777774,8234.580617283953,292.6,0.0,20.93864732980728,23.347387513566613,3,2.5,1.0,normale
1757241764.347871,4,00:00:00:00:00:01,368746.7263157894,23158070825.4651,539481.6,7229.4,16.717517042160033,22.51748647633524,0,2.5,0.6666666666666666,normale
1757241764.3481405,4,00:00:00:00:00:03,80.14736842105263,10544.319335180055,281.4,0.0,30.169569571812946,30.80188560291522,7,2.5,1.0,normale
1757241764.3483245,1,00:00:00:00:00:01,197936.61052631578,8875095517.016731,269747.8,0.0,7.6136743588881055,17.309794810249826,0,2.5,0.4166666666666667,normale
1757241764.348483,1,00:00:00:00:00:03,37.50526315789474,4447.754182825484,217.5,0.0,45.25482904911041,28.476943612098694,4,2.5,1.0,normale
1757241764.3486345,3,00:00:00:00:00:01,197906.64210526316,8855696124.066648,269747.8,0.0,13.958701451619467,21.46357425250644,0,2.8333333333333335,0.7142857142857143,normale
1757241764.3487773,3,00:00:00:00:00:02,170880.36842105267,14340617691.450579,269752.0,0.0,15.72096152305603,21.751814667080883,10,2.8333333333333335,0.6666666666666666,normale
1757241764.3489213,3,00:00:00:00:00:03,82.01052631578948,10628.426204986148,281.4,0.0,30.169740438461304,30.802514706189925,7,2.8333333333333335,1.0,normale
1757241764.349064,2,00:00:00:00:00:02,170878.5052631579,14404300155.51313,269892.0,0.0,15.721398830413818,21.75169197341112,10,2.5,0.6666666666666666,normale
1757241764.3492043,2,00:00:00:00:00:01,59.421052631578945,9406.339556786703,292.6,0.0,20.93864732980728,23.347387513566613,4,2.5,1.0,normale
1757241774.3507698,4,00:00:00:00:00:01,363797.12999999995,22465638854.2881,539481.6,7229.4,31.47884217898051,38.88463188267644,0,2.5,0.7142857142857143,normale
1757241774.3510108,4,00:00:00:00:00:03,76.14,10322.2244,281.4,0.0,30.169569571812946,30.80188560291522,7,2.5,1.0,normale
1757241774.3511596,1,00:00:00:00:00:01,201527.16999999998,8676290970.5131,269747.8,0.0,15.739016910394033,31.636893348025087,0,2.5,0.46153846153846156,normale
1757241774.351327,1,00:00:00:00:00:03,35.980000000000004,4269.5686,217.5,0.0,45.25482904911041,28.476943612098694,4,2.5,1.0,normale
1757241774.3514616,3,00:00:00:00:00:01,201498.7,8658066036.327,269747.8,0.0,26.981606483459473,37.58256519760714,0,2.8333333333333335,0.75,normale
1757241774.3515868,3,00:00:00:00:00:02,162336.7,15010477938.567001,269752.0,0.0,30.63426963488261,38.81131701729825,11,2.8333333333333335,0.7142857142857143,normale
1757241774.3517084,3,00:00:00:00:00:03,77.91,10416.476899999998,281.4,0.0,30.169740438461304,30.802514706189925,7,2.8333333333333335,1.0,normale
1757241774.351831,2,00:00:00:00:00:02,162334.93,15070946035.0051,269892.0,0.0,30.634485006332397,38.81083331846492,11,2.5,0.7142857142857143,normale
1757241774.3519511,2,00:00:00:00:00:01,56.8,9066.551,292.6,0.0,37.77460031509399,39.62168162329882,4,2.5,1.0,normale
1757241784.3532681,4,00:00:00:00:00:01,377613.545,19195210870.708473,539481.6,7229.4,31.47884217898051,38.88463188267644,0,2.5,0.7142857142857143,normale
1757241784.3536234,4,00:00:00:00:00:03,213.03000000000003,346665.06109999993,2742.0,0.0,30.169569571812946,30.80188560291522,1,2.5,1.0,normale
1757241784.3537977,1,00:00:00:00:00:01,209268.04999999996,8474012332.239497,269747.8,0.0,15.739016910394033,31.636893348025087,0,2.5,0.46153846153846156,normale
1757241784.3539581,1,00:00:00:00:00:03,37.025,4238.526875,217.5,0.0,45.25482904911041,28.476943612098694,4,2.5,1.0,normale
1757241784.3541157,3,00:00:00:00:00:01,209262.44499999998,8452070240.873474,269751.5,0.0,26.981606483459473,37.58256519760714,0,2.8333333333333335,0.75,normale
1757241784.354273,3,00:00:00:00:00:02,168374.065,13742936386.807272,269752.0,0.0,30.63426963488261,38.81131701729825,10,2.8333333333333335,0.7142857142857143,normale
1757241784.3545084,3,00:00:00:00:00:03,215.33499999999998,348984.26527499995,2752.7,0.0,30.169740438461304,30.802514706189925,1,2.8333333333333335,1.0,normale
1757241784.3550072,2,00:00:00:00:00:02,168371.75999999998,13803476812.2104,269892.0,0.0,30.634485006332397,38.81083331846492,10,2.5,0.7142857142857143,normale
1757241784.3553424,2,00:00:00:00:00:01,194.59499999999997,359190.555475,2774.1,0.0,37.77460031509399,39.62168162329882,2,2.5,1.0,normale
1757241794.3563628,4,00:00:00:00:00:01,379784.46,19384407187.561394,539481.6,7229.4,31.47884217898051,38.88463188267644,0,2.5,0.7142857142857143,normale
1757241794.356564,4,00:00:00:00:00:03,411.64,1015966.8584,3983.4,0.0,30.169569571812946,30.80188560291522,2,2.5,1.0,normale
1757241794.3566902,1,00:00:00:00:00:01,216004.00999999995,8333823128.561899,269747.8,0.0,15.739016910394033,31.636893348025087,0,2.5,0.46153846153846156,normale
1757241794.3568106,1,00:00:00:00:00:03,34.51,4256.722899999999,217.5,0.0,45.25482904911041,28.476943612098694,3,2.5,1.0,normale
1757241794.3569288,3,00:00:00:00:00:01,215990.65999999997,8313306155.4293995,269751.5,0.0,26.981606483459473,37.58256519760714,0,2.8333333333333335,0.75,normale
1757241794.3570447,3,00:00:00:00:00:02,163771.94,13242823025.8554,269752.0,0.0,30.63426963488261,38.81131701729825,10,2.8333333333333335,0.7142857142857143,normale
1757241794.3571596,3,00:00:00:00:00:03,413.40999999999997,1020568.4469000001,3990.4,0.0,30.169740438461304,30.802514706189925,2,2.8333333333333335,1.0,normale
1757241794.3572767,2,00:00:00:00:00:02,163739.93,13297224694.637096,269892.0,0.0,30.634485006332397,38.81083331846492,10,2.5,0.7142857142857143,normale
1757241794.357404,2,00:00:00:00:00:01,391.6,1042503.383,3997.4,0.0,37.77460031509399,39.62168162329882,2,2.5,1.0,normale
1757241804.3586397,4,00:00:00:00:00:01,379798.8,19384667193.845,539481.6,7229.4,31.47884217898051,38.88463188267644,0,2.5,0.7142857142857143,normale
1757241804.3588536,4,00:00:00:00:00:03,718.0,2653755.164,6301.4,0.0,30.169569571812946,30.80188560291522,3,2.5,1.0,normale
1757241804.3589878,1,00:00:00:00:00:01,216057.13999999996,8323501257.964398,269747.8,0.0,15.739016910394033,31.636893348025087,0,2.5,0.46153846153846156,normale
1757241804.3591123,1,00:00:00:00:00:03,37.269999999999996,5211.186100000001,236.4,0.0,45.25482904911041,28.476943612098694,3,2.5,1.0,normale
1757241804.359242,3,00:00:00:00:00:01,216058.90999999997,8300109542.226898,269751.5,0.0,26.981606483459473,37.58256519760714,0,2.8333333333333335,0.75,normale
1757241804.359419,3,00:00:00:00:00:02,163702.90999999997,13228303410.9729,269752.0,0.0,30.63426963488261,38.81131701729825,10,2.8333333333333335,0.7142857142857143,normale
1757241804.360188,3,00:00:00:00:00:03,719.77,2657272.2380999997,6301.4,0.0,30.169740438461304,30.802514706189925,3,2.8333333333333335,1.0,normale
1757241804.360582,2,00:00:00:00:00:02,163671.24999999997,13282774805.871498,269892.0,0.0,30.634485006332397,38.81083331846492,10,2.5,0.7142857142857143,normale
1757241804.3609483,2,00:00:00:00:00:01,695.55,2559776.1905,6079.0,0.0,37.77460031509399,39.62168162329882,3,2.5,1.0,normale
1757241814.3620152,4,00:00:00:00:00:01,369523.91000000003,19460628530.8749,539481.6,7229.4,31.47884217898051,38.88463188267644,0,2.5,0.7142857142857143,normale
1757241814.3623316,4,00:00:00:00:00:03,1021.39,3969499.9499,6301.4,0.0,30.169569571812946,30.80188560291522,4,2.5,1.0,normale
1757241814.3625169,1,00:00:00:00:00:01,205798.00999999998,10546373115.845898,269747.8,0.0,15.739016910394033,31.636893348025087,0,2.5,0.46153846153846156,normale
1757241814.3626513,1,00:00:00:00:00:03,37.06,5225.9134,236.4,0.0,45.25482904911041,28.476943612098694,3,2.5,1.0,normale
1757241814.3627765,3,00:00:00:00:00:01,205837.58000000002,10522941052.980598,269751.5,0.0,26.981606483459473,37.58256519760714,0,2.8333333333333335,0.75,normale
1757241814.3629,3,00:00:00:00:00:02,163626.66999999998,13212245191.7201,269752.0,0.0,30.63426963488261,38.81131701729825,10,2.8333333333333335,0.7142857142857143,normale
1757241814.3630219,3,00:00:00:00:00:03,1023.1599999999999,3971943.0234,6301.4,0.0,30.169740438461304,30.802514706189925,4,2.8333333333333335,1.0,normale
1757241814.363144,2,00:00:00:00:00:02,163587.45,13265105634.5315,269752.0,0.0,30.634485006332397,38.81083331846492,10,2.5,0.7142857142857143,normale
1757241814.363265,2,00:00:00:00:00:01,999.15,3888724.4705000008,6079.0,0.0,37.77460031509399,39.62168162329882,4,2.5,1.0,normale
1757241824.3643456,4,00:00:00:00:00:01,363770.9,21164836987.695,539481.6,7229.4,31.47884217898051,38.88463188267644,0,2.5,0.7142857142857143,normale
1757241824.36454,4,00:00:00:00:00:03,1195.1299999999999,4266366.0131,6301.4,0.0,60.514728248119354,58.94109841860727,5,2.5,1.0,normale
1757241824.3646705,1,00:00:00:00:00:01,192318.53,12278849433.037098,269747.8,0.0,15.739016910394033,31.636893348025087,0,2.5,0.46153846153846156,normale
1757241824.3647883,1,00:00:00:00:00:03,37.76,5183.3394,236.4,0.0,80.68516739209493,55.238048135813806,3,2.5,1.0,normale
1757241824.3649077,3,00:00:00:00:00:01,192350.53999999998,12255315195.713398,269751.5,0.0,26.981606483459473,37.58256519760714,0,2.8333333333333335,0.75,normale
1757241824.3650265,3,00:00:00:00:00:02,171383.37999999998,11908042443.8786,269752.0,0.0,30.63426963488261,38.81131701729825,9,2.8333333333333335,0.7142857142857143,normale
1757241824.3651433,3,00:00:00:00:00:03,1196.9,4268194.047,6301.4,0.0,60.5143865942955,58.94055340032985,5,2.8333333333333335,1.0,normale
1757241824.3652604,2,00:00:00:00:00:02,171381.61,11948978632.785898,269752.0,0.0,30.634485006332397,38.81083331846492,9,2.5,0.7142857142857143,normale
1757241824.3653855,2,00:00:00:00:00:01,1172.8899999999999,4193318.4888999998,6079.0,0.0,37.77460031509399,39.62168162329882,5,2.5,1.0,normale
1757241834.3659637,4,00:00:00:00:00:01,354678.7,19905890970.014996,539481.6,7229.4,31.47884217898051,38.88463188267644,4,2.5,0.7142857142857143,normale
1757241834.366163,4,00:00:00:00:00:03,1498.4,5288953.028000001,6301.4,0.0,60.514728248119354,58.94109841860727,6,2.5,1.0,normale
1757241834.366501,1,00:00:00:00:00:01,182467.85,12600186298.1675,269747.8,0.0,15.739016910394033,31.636893348025087,0,2.5,0.46153846153846156,normale
1757241834.366648,1,00:00:00:00:00:03,37.760000000000005,5183.339399999999,236.4,0.0,80.68516739209493,55.238048135813806,3,2.5,1.0,normale
1757241834.3667798,3,00:00:00:00:00:01,182462.06,12585620093.1534,269751.5,0.0,26.981606483459473,37.58256519760714,0,2.8333333333333335,0.75,normale
1757241834.3669157,3,00:00:00:00:00:02,172274.82,12063995414.678598,269752.0,0.0,30.63426963488261,38.81131701729825,10,2.8333333333333335,0.7142857142857143,normale
1757241834.3670392,3,00:00:00:00:00:03,1498.52,5274693.954599999,6301.4,0.0,60.5143865942955,58.94055340032985,6,2.8333333333333335,1.0,normale
1757241834.3671582,2,00:00:00:00:00:02,172235.25,12098999323.903498,269752.0,0.0,30.634485006332397,38.81083331846492,10,2.5,0.7142857142857143,normale
1757241834.3672788,2,00:00:00:00:00:01,1473.19,5202302.464899999,6079.0,0.0,37.77460031509399,39.62168162329882,6,2.5,1.0,normale
1757241844.3683224,4,00:00:00:00:00:01,354613.19999999995,19881780727.864998,539481.6,7229.4,31.47884217898051,38.88463188267644,4,2.5,0.7142857142857143,normale
1757241844.3685744,4,00:00:00:00:00:03,1802.1200000000001,6133987.109600001,6301.4,0.0,60.514728248119354,58.94109841860727,7,2.5,1.0,normale
1757241844.3687322,1,00:00:00:00:00:01,182459.94,12598806718.1524,269747.8,0.0,15.739016910394033,31.636893348025087,0,2.5,0.46153846153846156,normale
1757241844.3688655,1,00:00:00:00:00:03,37.410000000000004,5207.198900000001,236.4,0.0,80.68516739209493,55.238048135813806,3,2.5,1.0,normale
1757241844.368994,3,00:00:00:00:00:01,182461.71,12585558995.462896,269751.5,0.0,26.981606483459473,37.58256519760714,0,2.8333333333333335,0.75,normale
1757241844.369119,3,00:00:00:00:00:02,172198.01999999996,12049134986.390598,269745.0,0.0,30.63426963488261,38.81131701729825,10,2.8333333333333335,0.7142857142857143,normale
1757241844.3693242,3,00:00:00:00:00:03,1802.2399999999998,6119655.1433999995,6301.4,0.0,60.5143865942955,58.94055340032985,7,2.8333333333333335,1.0,normale
1757241844.369464,2,00:00:00:00:00:02,172158.45,12084132817.6635,269740.8,0.0,30.634485006332397,38.81083331846492,10,2.5,0.7142857142857143,normale
1757241844.3695974,2,00:00:00:00:00:01,1776.56,6063888.4334,6079.0,0.0,37.77460031509399,39.62168162329882,7,2.5,1.0,normale
1757241854.3712199,4,00:00:00:00:00:01,364621.45499999996,21448295268.99748,539481.6,7229.4,31.47884217898051,38.88463188267644,0,2.5,0.7142857142857143,normale
1757241854.3714774,4,00:00:00:00:00:03,2097.0099999999998,6828591.6579,6301.4,0.0,60.514728248119354,58.94109841860727,7,2.5,1.0,normale
1757241854.3716245,1,00:00:00:00:00:01,192614.43,12206090245.629099,269747.8,0.0,15.739016910394033,31.636893348025087,0,2.5,0.46153846153846156,normale
1757241854.3717525,1,00:00:00:00:00:03,26.745000000000005,3526.9814749999996,236.4,0.0,80.68516739209493,55.238048135813806,3,2.5,1.0,normale
1757241854.3718824,3,00:00:00:00:00:01,192585.075,12200627304.216873,269751.5,0.0,26.981606483459473,37.58256519760714,0,2.8333333333333335,0.75,normale
1757241854.3720074,3,00:00:00:00:00:02,172128.805,12035742612.378475,269745.0,0.0,30.63426963488261,38.81131701729825,10,2.8333333333333335,0.7142857142857143,normale
1757241854.372132,3,00:00:00:00:00:03,2096.245,6817568.622475,6301.4,0.0,60.5143865942955,58.94055340032985,7,2.8333333333333335,1.0,normale
1757241854.3722541,2,00:00:00:00:00:02,172089.76999999996,12070839296.8051,269740.8,0.0,30.634485006332397,38.81083331846492,10,2.5,0.7142857142857143,normale
1757241854.3723855,2,00:00:00:00:00:01,2077.855,6745925.405475,6079.0,0.0,37.77460031509399,39.62168162329882,7,2.5,1.0,normale
1757241864.3728333,4,00:00:00:00:00:01,377177.425,22490487487.205875,539481.6,7229.4,31.47884217898051,38.88463188267644,0,2.5,0.7142857142857143,normale
1757241864.373076,4,00:00:00:00:00:03,2386.7499999999995,7371518.059500001,6301.4,0.0,60.514728248119354,58.94109841860727,8,2.5,1.0,normale
1757241864.3732238,1,00:00:00:00:00:01,192823.94,12237485953.9444,269747.8,0.0,15.739016910394033,31.636893348025087,0,2.5,0.46153846153846156,normale
1757241864.3733923,1,00:00:00:00:00:03,24.225,3528.4178750000015,236.4,0.0,80.68516739209493,55.238048135813806,2,2.5,1.0,normale
1757241864.3735342,3,00:00:00:00:00:01,192817.26499999996,12235254509.418276,269751.5,0.0,26.981606483459473,37.58256519760714,0,2.8333333333333335,0.75,normale
1757241864.3736815,3,00:00:00:00:00:02,184435.295,11220394577.163477,269745.0,0.0,30.63426963488261,38.81131701729825,0,2.8333333333333335,0.7142857142857143,normale
1757241864.373815,3,00:00:00:00:00:03,2385.9849999999997,7360938.326275,6301.4,0.0,60.5143865942955,58.94055340032985,8,2.8333333333333335,1.0,normale
1757241864.3739545,2,00:00:00:00:00:02,184434.06,11244151700.6084,269740.8,0.0,30.634485006332397,38.81083331846492,0,2.5,0.7142857142857143,normale
1757241864.3740778,2,00:00:00:00:00:01,2367.035,7302281.699275,6079.0,0.0,37.77460031509399,39.62168162329882,8,2.5,1.0,normale
1757241874.3746862,4,00:00:00:00:00:01,377644.94499999995,22636232560.047478,539481.6,7229.4,31.47884217898051,38.88463188267644,0,2.5,0.7142857142857143,normale
1757241874.3749323,4,00:00:00:00:00:03,2689.79,7676576.3059,6301.4,0.0,60.514728248119354,58.94109841860727,7,2.5,1.0,normale
1757241874.3750775,1,00:00:00:00:00:01,192823.73,12237453711.441101,269747.8,0.0,15.739016910394033,31.636893348025087,0,2.5,0.46153846153846156,normale
1757241874.375204,1,00:00:00:00:00:03,23.315,3555.1172749999996,236.4,0.0,80.68516739209493,55.238048135813806,2,2.5,1.0,normale
1757241874.3753436,3,00:00:00:00:00:01,192824.61499999996,12236384150.910275,269751.5,0.0,26.981606483459473,37.58256519760714,0,2.8333333333333335,0.75,normale
1757241874.37547,3,00:00:00:00:00:02,184857.24500000002,11287358236.260473,269745.0,0.0,30.63426963488261,38.81131701729825,0,2.8333333333333335,0.7142857142857143,normale
1757241874.3755872,3,00:00:00:00:00:03,2689.3549999999996,7668695.056475001,6301.4,0.0,60.5143865942955,58.94055340032985,7,2.8333333333333335,1.0,normale
1757241874.3757076,2,00:00:00:00:00:02,184826.12000000002,11306618863.4856,269740.8,0.0,30.634485006332397,38.81083331846492,0,2.5,0.7142857142857143,normale
1757241874.3758283,2,00:00:00:00:00:01,2669.865,7620404.614275001,6079.0,0.0,37.77460031509399,39.62168162329882,7,2.5,1.0,normale
1757241884.3770633,4,00:00:00:00:00:01,375633.345,22062015486.291473,539341.6,7229.4,31.47884217898051,38.88463188267644,0,2.5,0.7142857142857143,normale
1757241884.3773205,4,00:00:00:00:00:03,2948.18,7555089.079600001,6301.4,0.0,60.514728248119354,58.94109841860727,8,2.5,1.0,normale
1757241884.3774695,1,00:00:00:00:00:01,192823.72999999995,12237453711.4411,269747.8,0.0,15.739016910394033,31.636893348025087,0,2.5,0.46153846153846156,normale
1757241884.3776033,1,00:00:00:00:00:03,23.315,3555.1172750000005,236.4,0.0,80.68516739209493,55.238048135813806,2,2.5,1.0,normale
1757241884.3777359,3,00:00:00:00:00:01,192824.615,12236384150.910275,269751.5,0.0,26.981606483459473,37.58256519760714,0,2.8333333333333335,0.75,normale
1757241884.3778627,3,00:00:00:00:00:02,182777.605,11017105794.818476,269745.0,0.0,30.63426963488261,38.81131701729825,0,2.8333333333333335,0.7142857142857143,normale
1757241884.3780174,3,00:00:00:00:00:03,2949.0649999999996,7553326.680274999,6301.4,0.0,60.5143865942955,58.94055340032985,8,2.8333333333333335,1.0,normale
1757241884.378246,2,00:00:00:00:00:02,182738.92,11034922696.253597,269740.8,0.0,30.634485006332397,38.81083331846492,0,2.5,0.7142857142857143,normale
1757241884.3783917,2,00:00:00:00:00:01,2931.2249999999995,7522684.723875001,6079.0,0.0,37.77460031509399,39.62168162329882,8,2.5,1.0,normale
1757241894.3801816,4,00:00:00:00:00:01,358697.11499999993,21972054635.95127,539341.6,7229.4,31.47884217898051,38.88463188267644,1,2.5,0.7142857142857143,normale
1757241894.3804357,4,00:00:00:00:00:03,2956.47,7507583.6491,6301.4,0.0,60.514728248119354,58.94109841860727,8,2.5,1.0,normale
1757241894.3805757,1,00:00:00:00:00:01,189299.14999999997,11932349430.6235,269747.8,0.0,15.739016910394033,31.636893348025087,0,2.5,0.46153846153846156,normale
1757241894.3806996,1,00:00:00:00:00:03,31.814999999999998,4531.512274999999,236.4,0.0,80.68516739209493,55.238048135813806,3,2.5,1.0,normale
1757241894.380825,3,00:00:00:00:00:01,189330.275,11930839375.800877,269751.5,0.0,26.981606483459473,37.58256519760714,0,2.8333333333333335,0.75,normale
1757241894.380988,3,00:00:00:00:00:02,169290.35499999998,12127416137.078476,269740.8,0.0,30.63426963488261,38.81131701729825,9,2.8333333333333335,0.7142857142857143,normale
1757241894.3811274,3,00:00:00:00:00:03,2957.3549999999996,7505806.576475,6301.4,0.0,60.5143865942955,58.94055340032985,8,2.8333333333333335,1.0,normale
1757241894.3812587,2,00:00:00:00:00:02,169259.22999999998,12145707788.905102,269740.8,0.0,30.634485006332397,38.81083331846492,9,2.5,0.7142857142857143,normale
1757241894.3813999,2,00:00:00:00:00:01,2931.015,7523914.912274999,6079.0,0.0,37.77460031509399,39.62168162329882,8,2.5,1.0,normale
1757241904.3828356,4,00:00:00:00:00:01,349959.3749999999,24745120510.283875,539341.6,7229.4,31.47884217898051,38.88463188267644,5,2.5,0.7142857142857143,normale
1757241904.3830874,4,00:00:00:00:00:03,2945.42,7570171.8436,6301.4,0.0,60.514728248119354,58.94109841860727,8,2.5,1.0,normale
1757241904.3832822,1,00:00:00:00:00:01,175812.31999999998,13218427509.841599,269747.8,0.0,15.739016910394033,31.636893348025087,11,2.5,0.46153846153846156,normale
1757241904.3840134,1,00:00:00:00:00:03,32.025,4520.751875,236.4,0.0,80.68516739209493,55.238048135813806,3,2.5,1.0,normale
1757241904.3843338,3,00:00:00:00:00:01,175843.44499999998,13217757010.186474,269751.5,0.0,26.981606483459473,37.58256519760714,11,2.8333333333333335,0.75,normale
1757241904.384805,3,00:00:00:00:00:02,174115.045,11056967956.406473,269740.8,0.0,30.63426963488261,38.81131701729825,9,2.8333333333333335,0.7142857142857143,normale
1757241904.385208,3,00:00:00:00:00:03,2946.3049999999994,7568414.3294750005,6301.4,0.0,60.5143865942955,58.94055340032985,8,2.8333333333333335,1.0,normale
1757241904.3854804,2,00:00:00:00:00:02,174151.96000000002,11060875106.9504,269740.8,0.0,30.634485006332397,38.81083331846492,9,2.5,0.7142857142857143,normale
1757241904.3857703,2,00:00:00:00:00:01,2919.7549999999997,7587258.830475,6079.0,0.0,37.77460031509399,39.62168162329882,8,2.5,1.0,normale
1757241914.3874383,4,00:00:00:00:00:01,362516.745,25726515141.009476,539341.6,7229.4,31.47884217898051,38.88463188267644,0,2.5,0.7142857142857143,normale
1757241914.3879323,4,00:00:00:00:00:03,2945.63,7568935.6051,6301.4,0.0,60.514728248119354,58.94109841860727,8,2.5,1.0,normale
1757241914.3882697,1,00:00:00:00:00:01,174942.91999999998,13069465939.657598,269747.8,0.0,15.739016910394033,31.636893348025087,10,2.5,0.46153846153846156,normale
1757241914.3885915,1,00:00:00:00:00:03,32.025,4520.751875000001,236.4,0.0,80.68516739209493,55.238048135813806,3,2.5,1.0,normale
1757241914.3889637,3,00:00:00:00:00:01,174943.805,13064187067.744473,269751.5,0.0,26.981606483459473,37.58256519760714,10,2.8333333333333335,0.75,normale
1757241914.3894346,3,00:00:00:00:00:02,187602.29499999998,9816514013.741478,269745.0,0.0,30.63426963488261,38.81131701729825,0,2.8333333333333335,0.7142857142857143,normale
1757241914.3898253,3,00:00:00:00:00:03,2946.515,7567177.719275,6301.4,0.0,60.5143865942955,58.94055340032985,8,2.8333333333333335,1.0,normale
1757241914.390391,2,00:00:00:00:00:02,187639.21000000002,9819425400.6179,269745.0,0.0,30.634485006332397,38.81083331846492,0,2.5,0.7142857142857143,normale
1757241914.3907545,2,00:00:00:00:00:01,2919.9649999999992,7586033.371275,6079.0,0.0,37.77460031509399,39.62168162329882,8,2.5,1.0,normale
1757241924.3921494,4,00:00:00:00:00:01,389114.235,20268114941.183277,539341.6,108267.6,31.47884217898051,38.88463188267644,0,2.5,0.7142857142857143,normale
1757241924.3924263,4,00:00:00:00:00:03,2937.77,7613943.537099999,6301.4,0.0,60.514728248119354,58.94109841860727,8,2.5,1.0,normale
1757241924.3928015,1,00:00:00:00:00:01,188128.96999999997,11914187442.633099,269747.8,0.0,15.739016910394033,31.636893348025087,0,2.5,0.46153846153846156,normale
1757241924.3929856,1,00:00:00:00:00:03,24.165,3726.8132749999995,236.4,0.0,80.68516739209493,55.238048135813806,2,2.5,1.0,normale
1757241924.3931677,3,00:00:00:00:00:01,188099.615,11919889188.504272,269751.5,0.0,26.981606483459473,37.58256519760714,0,2.8333333333333335,0.75,normale
1757241924.3933833,3,00:00:00:00:00:02,201089.33500000002,8212219411.498274,269745.0,0.0,30.63426963488261,38.81131701729825,0,2.8333333333333335,0.7142857142857143,normale
1757241924.3936157,3,00:00:00:00:00:03,2938.6549999999997,7612199.563475,6301.4,0.0,60.5143865942955,58.94055340032985,8,2.8333333333333335,1.0,normale
1757241924.3938448,2,00:00:00:00:00:02,201118.69,8213098684.133901,269745.0,0.0,30.634485006332397,38.81083331846492,0,2.5,0.7142857142857143,normale
1757241924.3940337,2,00:00:00:00:00:01,2919.9649999999992,7586033.371275,6079.0,0.0,37.77460031509399,39.62168162329882,8,2.5,1.0,normale
1757241934.3950186,4,00:00:00:00:00:01,406441.54500000004,19174089727.101475,539481.6,108267.6,31.47884217898051,38.88463188267644,0,2.5,0.7142857142857143,normale
1757241934.3952878,4,00:00:00:00:00:03,2937.5600000000004,7615176.474399999,6301.4,0.0,60.514728248119354,58.94109841860727,8,2.5,1.0,normale
1757241934.3957067,1,00:00:00:00:00:01,201616.00999999995,10295686266.805897,269747.8,0.0,15.739016910394033,31.636893348025087,0,2.5,0.46153846153846156,normale
1757241934.3958611,1,00:00:00:00:00:03,24.165,3726.813274999999,236.4,0.0,80.68516739209493,55.238048135813806,2,2.5,1.0,normale
1757241934.3960338,3,00:00:00:00:00:01,201579.095,10301150432.041471,269751.5,0.0,26.981606483459473,37.58256519760714,0,2.8333333333333335,0.75,normale
1757241934.396206,3,00:00:00:00:00:02,204891.805,8429525476.688475,269745.0,0.0,30.63426963488261,38.81131701729825,0,2.8333333333333335,0.7142857142857143,normale
1757241934.3964415,3,00:00:00:00:00:03,2938.445,7613432.872475001,6301.4,0.0,60.5143865942955,58.94055340032985,8,2.8333333333333335,1.0,normale
1757241934.3966677,2,00:00:00:00:00:02,204890.91999999998,8431991345.513598,269745.0,0.0,30.634485006332397,38.81083331846492,0,2.5,0.7142857142857143,normale
1757241934.3968985,2,00:00:00:00:00:01,2919.7549999999997,7587258.830475,6079.0,0.0,37.77460031509399,39.62168162329882,8,2.5,1.0,normale
1757241944.3981526,4,00:00:00:00:00:01,412353.46499999997,20009591761.982277,539481.6,108267.6,31.47884217898051,38.88463188267644,0,2.5,0.7142857142857143,normale
1757241944.3984897,4,00:00:00:00:00:03,2937.56,7615176.474400001,6301.4,0.0,60.514728248119354,58.94109841860727,8,2.5,1.0,normale
1757241944.398703,1,00:00:00:00:00:01,207459.88999999998,10372975670.5219,269747.8,0.0,15.739016910394033,31.636893348025087,0,2.5,0.46153846153846156,normale
1757241944.3989782,1,00:00:00:00:00:03,24.165,3726.8132749999995,236.4,0.0,80.68516739209493,55.238048135813806,2,2.5,1.0,normale
1757241944.3992023,3,00:00:00:00:00:01,207468.335,10375645607.820276,269751.5,0.0,26.981606483459473,37.58256519760714,0,2.8333333333333335,0.75,normale
1757241944.3994253,3,00:00:00:00:00:02,204891.805,8429525476.688475,269745.0,0.0,30.63426963488261,38.81131701729825,0,2.8333333333333335,0.7142857142857143,normale
1757241944.3996227,3,00:00:00:00:00:03,2938.4449999999997,7613432.872475001,6301.4,0.0,60.5143865942955,58.94055340032985,8,2.8333333333333335,1.0,normale
1757241944.3998575,2,00:00:00:00:00:02,204890.92,8431991345.5136,269745.0,0.0,30.634485006332397,38.81083331846492,0,2.5,0.7142857142857143,normale
1757241944.4001052,2,00:00:00:00:00:01,2919.7549999999997,7587258.830475,6079.0,0.0,37.77460031509399,39.62168162329882,8,2.5,1.0,normale
1757241954.401509,4,00:00:00:00:00:01,412360.885,20011477311.977276,539490.0,108267.6,31.47884217898051,38.88463188267644,0,2.5,0.7142857142857143,normale
1757241954.401856,4,00:00:00:00:00:03,2937.77,7613945.301099999,6301.4,0.0,60.514728248119354,58.94109841860727,8,2.5,1.0,normale
1757241954.4020576,1,00:00:00:00:00:01,207467.45,10373916221.159498,269747.8,0.0,15.739016910394033,31.636893348025087,0,2.5,0.46153846153846156,normale
1757241954.4022381,1,00:00:00:00:00:03,24.165,3726.8132749999995,236.4,0.0,80.68516739209493,55.238048135813806,2,2.5,1.0,normale
1757241954.4024353,3,00:00:00:00:00:01,207468.335,10375645607.820274,269751.5,0.0,26.981606483459473,37.58256519760714,0,2.8333333333333335,0.75,normale
1757241954.4026606,3,00:00:00:00:00:02,204899.57499999998,8430532027.507875,269745.0,0.0,30.63426963488261,38.81131701729825,0,2.8333333333333335,0.7142857142857143,normale
1757241954.4028535,3,00:00:00:00:00:03,2938.6549999999997,7612201.327474999,6301.4,0.0,60.5143865942955,58.94055340032985,8,2.8333333333333335,1.0,normale
1757241954.40312,2,00:00:00:00:00:02,204891.13,8432018583.301097,269745.0,0.0,30.634485006332397,38.81083331846492,0,2.5,0.7142857142857143,normale
1757241954.403319,2,00:00:00:00:00:01,2919.9649999999997,7586033.371275,6079.0,0.0,37.77460031509399,39.62168162329882,8,2.5,1.0,normale
1757241964.4042485,4,00:00:00:00:00:01,421880.125,20528727968.36087,539490.0,108267.6,31.47884217898051,38.88463188267644,0,2.5,0.7142857142857143,normale
1757241964.404802,4,00:00:00:00:00:03,2926.3,7678574.966,6301.4,0.0,60.514728248119354,58.94109841860727,8,2.5,1.0,normale
1757241964.4055638,1,00:00:00:00:00:01,207467.44999999998,10373916221.1595,269747.8,0.0,15.739016910394033,31.636893348025087,0,2.5,0.46153846153846156,normale
1757241964.4059277,1,00:00:00:00:00:03,24.165,3726.8132750000004,236.4,0.0,80.68516739209493,55.238048135813806,2,2.5,1.0,normale
1757241964.4062116,3,00:00:00:00:00:01,207460.77499999997,10374705134.067871,269751.5,0.0,26.981606483459473,37.58256519760714,0,2.8333333333333335,0.75,normale
1757241964.4070358,3,00:00:00:00:00:02,214441.49500000002,7753053131.189478,269745.0,0.0,30.63426963488261,38.81131701729825,0,2.8333333333333335,0.7142857142857143,normale
1757241964.4079633,3,00:00:00:00:00:03,2927.185,7676851.294274999,6301.4,0.0,60.5143865942955,58.94055340032985,8,2.8333333333333335,1.0,normale
1757241964.4086237,2,00:00:00:00:00:02,214478.41,7745247777.929898,269745.0,0.0,30.634485006332397,38.81083331846492,0,2.5,0.7142857142857143,normale
1757241964.409039,2,00:00:00:00:00:01,2908.495,7650254.589475,6079.0,0.0,37.77460031509399,39.62168162329882,8,2.5,1.0,normale
1757241974.4110239,4,00:00:00:00:00:01,422891.055,20240569468.589474,539490.0,108267.6,31.47884217898051,38.88463188267644,0,2.5,0.7142857142857143,normale
1757241974.4114416,4,00:00:00:00:00:03,2934.1600000000003,7633747.3423999995,6301.4,0.0,60.514728248119354,58.94109841860727,8,2.5,1.0,normale
1757241974.4122593,1,00:00:00:00:00:01,194931.21,11798382344.805899,269745.0,0.0,15.739016910394033,31.636893348025087,0,2.5,0.46153846153846156,normale
1757241974.4126344,1,00:00:00:00:00:03,31.675,4540.596874999999,236.4,0.0,80.68516739209493,55.238048135813806,3,2.5,1.0,normale
1757241974.4129488,3,00:00:00:00:00:01,194962.335,11785732890.824274,269751.5,0.0,26.981606483459473,37.58256519760714,0,2.8333333333333335,0.75,normale
1757241974.4137661,3,00:00:00:00:00:02,227928.18499999997,5424955348.412275,269745.0,0.0,30.63426963488261,38.81131701729825,0,2.8333333333333335,0.7142857142857143,normale
1757241974.4141865,3,00:00:00:00:00:03,2935.045,7632009.758475001,6301.4,0.0,60.5143865942955,58.94055340032985,8,2.8333333333333335,1.0,normale
1757241974.4149315,2,00:00:00:00:00:02,227957.53999999998,5415523710.1644,269745.0,0.0,30.634485006332397,38.81083331846492,0,2.5,0.7142857142857143,normale
1757241974.415184,2,00:00:00:00:00:01,2908.1449999999995,7652287.963474999,6079.0,0.0,37.77460031509399,39.62168162329882,8,2.5,1.0,normale
1757241984.4163847,4,00:00:00:00:00:01,416852.62,21324344008.3676,539490.0,108267.6,31.47884217898051,38.88463188267644,0,2.5,0.7142857142857143,normale
1757241984.4166636,4,00:00:00:00:00:03,2797.06,8043569.4044,6301.4,0.0,60.514728248119354,58.94109841860727,8,2.5,1.0,normale
1757241984.4168515,1,00:00:00:00:00:01,181444.16999999998,13236567190.649097,269745.0,0.0,15.739016910394033,31.636893348025087,0,2.5,0.46153846153846156,normale
1757241984.4170742,1,00:00:00:00:00:03,30.07,4588.1771,236.4,0.0,80.68516739209493,55.238048135813806,3,2.5,1.0,normale
1757241984.4172697,3,00:00:00:00:00:01,181474.75999999998,13224662854.806396,269745.0,0.0,26.981606483459473,37.58256519760714,0,2.8333333333333335,0.75,normale
1757241984.4177864,3,00:00:00:00:00:02,235377.51,4882565562.8139,269745.0,0.0,30.63426963488261,38.81131701729825,0,2.8333333333333335,0.7142857142857143,normale
1757241984.4184575,3,00:00:00:00:00:03,2797.41,8042128.3379,6301.4,0.0,60.5143865942955,58.94055340032985,8,2.8333333333333335,1.0,normale
1757241984.4190009,2,00:00:00:00:00:02,235414.96000000002,4873094097.3664,269892.0,0.0,30.634485006332397,38.81083331846492,0,2.5,0.7142857142857143,normale
1757241984.419531,2,00:00:00:00:00:01,2769.4399999999996,8055015.850400001,6079.0,0.0,37.77460031509399,39.62168162329882,8,2.5,1.0,normale
1757241994.4207456,4,00:00:00:00:00:01,408140.83999999997,22293636339.790398,539490.0,108267.6,59.74978804588318,78.04800313058246,0,2.5,0.75,normale
1757241994.4211504,4,00:00:00:00:00:03,2597.89,8324707.817900002,6301.4,0.0,60.514728248119354,58.94109841860727,8,2.5,1.0,normale
1757241994.4214342,1,00:00:00:00:00:01,167965.03999999998,14312371736.4784,269745.0,0.0,32.17262313916133,64.53419414602067,11,2.5,0.5,normale
1757241994.421733,1,00:00:00:00:00:03,29.71999999999999,4606.6536,236.4,0.0,80.68516739209493,55.238048135813806,3,2.5,1.0,normale
1757241994.4219978,3,00:00:00:00:00:01,167995.28,14301220935.4576,269745.0,0.0,52.28072288632393,75.60562208816313,10,2.8333333333333335,0.7777777777777778,normale
1757241994.4222562,3,00:00:00:00:00:02,240137.65,4732436649.7875,269745.0,0.0,30.63426963488261,38.81131701729825,0,2.8333333333333335,0.7142857142857143,normale
1757241994.422528,3,00:00:00:00:00:03,2597.89,8322433.9859,6301.4,0.0,60.5143865942955,58.94055340032985,8,2.8333333333333335,1.0,normale
1757241994.4230292,2,00:00:00:00:00:02,240175.09999999995,4722608649.854,269892.0,0.0,30.634485006332397,38.81083331846492,0,2.5,0.7142857142857143,normale
1757241994.4234977,2,00:00:00:00:00:01,2569.92,8321367.069599999,6079.0,0.0,69.70792059103648,80.04321394166597,8,2.5,1.0,normale
1757242004.4247236,4,00:00:00:00:00:01,396869.66000000003,25138848485.140404,539490.0,108267.6,59.74978804588318,78.04800313058246,0,2.5,0.75,normale
1757242004.425169,4,00:00:00:00:00:03,2294.9299999999994,7824587.509099998,6078.6,0.0,60.514728248119354,58.94109841860727,8,2.5,1.0,normale
1757242004.425487,1,00:00:00:00:00:01,161993.84,15569517611.934399,269745.0,0.0,32.17262313916133,64.53419414602067,11,2.5,0.5,normale
1757242004.4257839,1,00:00:00:00:00:03,18.25,2365.0714999999996,170.0,0.0,80.68516739209493,55.238048135813806,2,2.5,1.0,normale
1757242004.4261642,3,00:00:00:00:00:01,161993.84,15561285198.318396,269745.0,0.0,52.28072288632393,75.60562208816313,11,2.8333333333333335,0.7777777777777778,normale
1757242004.426565,3,00:00:00:00:00:02,234875.46999999997,4963050214.8771,269745.0,0.0,59.61127185821533,79.55582909544592,0,2.8333333333333335,0.75,normale
1757242004.4270027,3,00:00:00:00:00:03,2294.9299999999994,7822313.677099998,6078.6,0.0,60.5143865942955,58.94055340032985,8,2.8333333333333335,1.0,normale
1757242004.4274614,2,00:00:00:00:00:02,234875.12000000002,4959082203.4976,269892.0,0.0,59.611370870045256,79.55537254041091,0,2.5,0.75,normale
1757242004.4278235,2,00:00:00:00:00:01,2278.0799999999995,7891428.3816,6078.6,0.0,69.70792059103648,80.04321394166597,8,2.5,1.0,normale
1757242014.429773,4,00:00:00:00:00:01,386604.03,29782550255.193096,539490.0,62903.4,59.74978804588318,78.04800313058246,0,2.5,0.75,normale
1757242014.43064,4,00:00:00:00:00:03,1991.5399999999995,7281601.324399998,6078.6,0.0,60.514728248119354,58.94109841860727,7,2.5,1.0,normale
1757242014.431815,1,00:00:00:00:00:01,161993.84,15569517611.934399,269745.0,0.0,32.17262313916133,64.53419414602067,11,2.5,0.5,normale
1757242014.4331512,1,00:00:00:00:00:03,18.25,2365.0714999999996,170.0,0.0,80.68516739209493,55.238048135813806,2,2.5,1.0,normale
1757242014.4340577,3,00:00:00:00:00:01,161993.84,15561285198.3184,269745.0,0.0,52.28072288632393,75.60562208816313,11,2.8333333333333335,0.7777777777777778,normale
1757242014.4346206,3,00:00:00:00:00:02,224647.63999999998,6268609292.6463995,269745.0,0.0,59.61127185821533,79.55582909544592,0,2.8333333333333335,0.75,normale
1757242014.4352303,3,00:00:00:00:00:03,1991.5399999999995,7279327.4924,6078.6,0.0,60.5143865942955,58.94055340032985,7,2.8333333333333335,1.0,normale
1757242014.4358363,2,00:00:00:00:00:02,224685.09000000003,6252490585.261899,269892.0,0.0,59.611370870045256,79.55537254041091,0,2.5,0.75,normale
1757242014.4366088,2,00:00:00:00:00:01,1974.6899999999998,7338217.953900002,6078.6,0.0,69.70792059103648,80.04321394166597,7,2.5,1.0,normale
1757242024.4385252,4,00:00:00:00:00:01,392033.37,27892895614.893097,539490.0,62903.4,59.74978804588318,78.04800313058246,0,2.5,0.75,normale
1757242024.4394717,4,00:00:00:00:00:03,1806.5399999999997,7299746.1244,6078.6,0.0,60.514728248119354,58.94109841860727,6,2.5,1.0,normale
1757242024.439951,1,00:00:00:00:00:01,161993.84,15569517611.934399,269745.0,0.0,32.17262313916133,64.53419414602067,11,2.5,0.5,normale
1757242024.4404423,1,00:00:00:00:00:03,17.549999999999997,2380.3314999999993,170.0,0.0,80.68516739209493,55.238048135813806,2,2.5,1.0,normale
1757242024.4408839,3,00:00:00:00:00:01,161993.84,15561285198.3184,269745.0,0.0,52.28072288632393,75.60562208816313,11,2.8333333333333335,0.7777777777777778,normale
1757242024.4414337,3,00:00:00:00:00:02,230076.98000000004,6137587265.311599,269745.0,0.0,59.61127185821533,79.55582909544592,0,2.8333333333333335,0.75,normale
1757242024.4419625,3,00:00:00:00:00:03,1806.5399999999997,7297472.292400001,6078.6,0.0,60.5143865942955,58.94055340032985,6,2.8333333333333335,1.0,normale
1757242024.4423752,2,00:00:00:00:00:02,230107.22000000006,6120417746.2876,269892.0,0.0,59.611370870045256,79.55537254041091,0,2.5,0.75,normale
1757242024.442801,2,00:00:00:00:00:01,1789.6899999999998,7350128.253900001,6078.6,0.0,69.70792059103648,80.04321394166597,6,2.5,1.0,normale
1757242034.444192,4,00:00:00:00:00:01,388636.635,28482347021.081276,539490.0,62903.4,59.74978804588318,78.04800313058246,0,2.5,0.75,normale
1757242034.4456546,4,00:00:00:00:00:03,1503.27,6464058.3451,6078.6,0.0,60.514728248119354,58.94109841860727,5,2.5,1.0,normale
1757242034.4463649,1,00:00:00:00:00:01,158365.03999999998,16468672126.878399,269745.0,0.0,32.17262313916133,64.53419414602067,11,2.5,0.5,normale
1757242034.4471226,1,00:00:00:00:00:03,17.549999999999997,2380.3314999999993,170.0,0.0,80.68516739209493,55.238048135813806,2,2.5,1.0,normale
1757242034.4481895,3,00:00:00:00:00:01,158403.37500000003,16453754570.597874,269745.0,0.0,52.28072288632393,75.60562208816313,11,2.8333333333333335,0.7777777777777778,normale
1757242034.4490154,3,00:00:00:00:00:02,230145.65999999997,6142915663.0044,269745.0,0.0,59.61127185821533,79.55582909544592,0,2.8333333333333335,0.75,normale
1757242034.4497828,3,00:00:00:00:00:03,1504.92,6476782.3696,6078.6,0.0,60.5143865942955,58.94055340032985,5,2.8333333333333335,1.0,normale
1757242034.4504378,2,00:00:00:00:00:02,230183.46000000002,6126339011.2764,269892.0,0.0,59.611370870045256,79.55537254041091,0,2.5,0.75,normale
1757242034.4505706,2,00:00:00:00:00:01,1489.9250000000002,6529645.968874999,6078.6,0.0,69.70792059103648,80.04321394166597,5,2.5,1.0,normale
1757242044.4519901,4,00:00:00:00:00:01,375223.025,27892881369.00387,539490.0,62903.4,59.74978804588318,78.04800313058246,0,2.5,0.75,normale
1757242044.4527705,4,00:00:00:00:00:03,1199.55,5437490.8195,6076.2,0.0,60.514728248119354,58.94109841860727,4,2.5,1.0,normale
1757242044.4536357,1,00:00:00:00:00:01,144885.56,16922404903.158398,269745.0,0.0,32.17262313916133,64.53419414602067,10,2.5,0.5,normale
1757242044.454404,1,00:00:00:00:00:03,19.154999999999998,2372.940475,170.0,0.0,80.68516739209493,55.238048135813806,3,2.5,1.0,normale
1757242044.455548,3,00:00:00:00:00:01,144916.33500000002,16906634672.92427,269745.0,0.0,52.28072288632393,75.60562208816313,10,2.8333333333333335,0.7777777777777778,normale
1757242044.4565494,3,00:00:00:00:00:02,230222.64500000002,6148889960.368475,269755.7,0.0,59.61127185821533,79.55582909544592,0,2.8333333333333335,0.75,normale
1757242044.4571614,3,00:00:00:00:00:03,1201.7350000000001,5449941.768274999,6078.6,0.0,60.5143865942955,58.94055340032985,4,2.8333333333333335,1.0,normale
1757242044.4583774,2,00:00:00:00:00:02,230259.91,6132265234.089899,269892.0,0.0,59.611370870045256,79.55537254041091,0,2.5,0.75,normale
1757242044.4598303,2,00:00:00:00:00:01,1187.275,5492464.418875,6076.2,0.0,69.70792059103648,80.04321394166597,4,2.5,1.0,normale
1757242054.4613624,4,00:00:00:00:00:01,361812.01499999996,26945168743.976276,539490.0,62903.4,59.74978804588318,78.04800313058246,0,2.5,0.75,normale
1757242054.4616628,4,00:00:00:00:00:03,895.74,4228050.552399999,6076.2,0.0,60.514728248119354,58.94109841860727,3,2.5,1.0,normale
1757242054.4620676,1,00:00:00:00:00:01,131398.31,17010596277.565893,269745.0,0.0,32.17262313916133,64.53419414602067,10,2.5,0.5,normale
1757242054.462289,1,00:00:00:00:00:03,18.945,2380.0594750000005,170.0,0.0,80.68516739209493,55.238048135813806,3,2.5,1.0,normale
1757242054.4625323,3,00:00:00:00:00:01,131429.08500000002,16995656187.569275,269745.0,0.0,52.28072288632393,75.60562208816313,10,2.8333333333333335,0.7777777777777778,normale
1757242054.4627907,3,00:00:00:00:00:02,230298.885,6154793625.353275,269755.7,0.0,59.61127185821533,79.55582909544592,0,2.8333333333333335,0.75,normale
1757242054.4630854,3,00:00:00:00:00:03,897.925,4241829.150875,6078.6,0.0,60.5143865942955,58.94055340032985,3,2.8333333333333335,1.0,normale
1757242054.4633453,2,00:00:00:00:00:02,230328.58999999994,6137568504.5178995,269892.0,0.0,59.611370870045256,79.55537254041091,0,2.5,0.75,normale
1757242054.4636588,2,00:00:00:00:00:01,883.6749999999998,4277745.638874998,6076.2,0.0,69.70792059103648,80.04321394166597,3,2.5,1.0,normale
1757242064.464362,4,00:00:00:00:00:01,353760.085,25340328108.167274,539490.0,62903.4,59.74978804588318,78.04800313058246,6,2.5,0.75,normale
1757242064.4646184,4,00:00:00:00:00:03,715.2,2976789.196,6072.0,0.0,60.514728248119354,58.94109841860727,3,2.5,1.0,normale
1757242064.4647534,1,00:00:00:00:00:01,123277.90999999996,16016680593.013895,269745.0,0.0,32.17262313916133,64.53419414602067,9,2.5,0.5,normale
1757242064.4648964,1,00:00:00:00:00:03,142.215,286423.724275,2465.4,0.0,80.68516739209493,55.238048135813806,1,2.5,1.0,normale
1757242064.465039,3,00:00:00:00:00:01,123316.245,16004453166.990475,269745.0,0.0,52.28072288632393,75.60562208816313,9,2.8333333333333335,0.7777777777777778,normale
1757242064.4651713,3,00:00:00:00:00:02,230367.35499999998,6160075644.906474,269755.7,0.0,59.61127185821533,79.55582909544592,0,2.8333333333333335,0.75,normale
1757242064.4653196,3,00:00:00:00:00:03,717.385,2991356.7542749997,6078.6,0.0,60.5143865942955,58.94055340032985,3,2.8333333333333335,1.0,normale
1757242064.4655042,2,00:00:00:00:00:02,230397.05999999997,6142846456.2684,269892.0,0.0,59.611370870045256,79.55537254041091,0,2.5,0.75,normale
1757242064.4656408,2,00:00:00:00:00:01,579.865,2876373.404275,6072.0,0.0,69.70792059103648,80.04321394166597,2,2.5,1.0,normale
1757242074.4674268,4,00:00:00:00:00:01,353760.645,25340534414.446472,539490.0,62903.4,59.74978804588318,78.04800313058246,6,2.5,0.75,normale
1757242074.4676707,4,00:00:00:00:00:03,715.4100000000001,2979039.8899000003,6076.2,0.0,60.514728248119354,58.94109841860727,3,2.5,1.0,normale
1757242074.4678311,1,00:00:00:00:00:01,123209.43999999999,15996733744.862396,269745.0,0.0,32.17262313916133,64.53419414602067,9,2.5,0.5,normale
1757242074.4679692,1,00:00:00:00:00:03,446.375,1957664.3018749997,6083.2,0.0,80.68516739209493,55.238048135813806,2,2.5,1.0,normale
1757242074.4681041,3,00:00:00:00:00:01,123240.56499999999,15982399168.131271,269745.0,0.0,52.28072288632393,75.60562208816313,9,2.8333333333333335,0.7777777777777778,normale
1757242074.4682705,3,00:00:00:00:00:02,230436.03499999997,6165364156.689276,269755.7,0.0,59.61127185821533,79.55582909544592,0,2.8333333333333335,0.75,normale
1757242074.4684665,3,00:00:00:00:00:03,717.615,2993823.918275,6083.2,0.0,60.5143865942955,58.94055340032985,3,2.8333333333333335,1.0,normale
1757242074.4686496,2,00:00:00:00:00:02,230473.3,6148723526.454,269892.0,0.0,59.611370870045256,79.55537254041091,0,2.5,0.75,normale
1757242074.4688168,2,00:00:00:00:00:01,276.96500000000003,1292457.811275,5227.2,0.0,69.70792059103648,80.04321394166597,1,2.5,1